BeatNumber,OnBeat,BeatDiff,Key
729,0,-0.144761,83
729,1,0.013266,65
730,0,-0.166981,87
731,0,0.104885,83
731,0,0.139755,68
738,0,-0.208634,69
739,0,0.152118,69
740,1,0.092794,69
741,1,0.064083,69
742,1,-0.047811,69
742,0,0.105017,69
743,0,-0.17685,69
743,1,-0.004669,69
743,0,0.131155,69
744,0,-0.146829,69
745,1,0.020685,69
746,1,-0.0298,69
748,0,-0.194307,69
748,1,-0.057204,69
749,1,0.077853,69
749,0,0.213376,69
750,1,-0.082708,69
750,0,0.154574,69
751,1,-0.091533,83
751,1,0.010227,65
752,1,-0.068553,68
753,1,-0.097708,83
754,1,0.071451,83
756,1,0.074204,83
757,0,-0.166995,83
757,0,-0.126687,65
757,1,-0.007969,65
758,0,0.15008,65
759,1,-0.094495,65
759,0,0.101568,65
760,0,-0.11615,65
760,1,0.083645,65
761,0,-0.140156,65
761,1,0.053308,65
762,0,-0.207127,87
762,1,-0.036422,87
762,0,0.132982,87
763,0,-0.13224,87
763,1,0.056322,87
767,1,0.053587,32
768,1,-0.099246,32
768,0,0.187104,68
769,0,-0.208152,87
769,0,0.10289,87
770,1,-0.046137,87
770,0,0.200862,68
771,1,0.019894,68
772,0,-0.216114,68
772,1,0.022116,83
773,0,-0.206429,83
773,1,-0.036216,83
773,0,0.149147,83
774,1,-0.074277,83
775,0,-0.155489,83
775,0,0.145075,83
777,1,-0.034256,83
778,0,-0.147636,83
779,0,0.138711,83
780,1,0.016391,87
781,1,0.205759,68
782,1,-0.098416,68
783,0,-0.185497,32
784,0,0.181467,32
785,1,-0.038747,32
785,0,0.179291,32
786,1,-0.056044,32
786,0,0.112947,68
787,0,-0.106766,68
787,0,0.109297,68
788,0,-0.108978,68
788,0,0.108191,68
789,0,-0.152833,68
789,1,0.002448,68
789,0,0.136626,68
790,0,-0.122943,68
790,1,0.035849,68
790,0,0.210688,68
791,1,-0.024686,68
791,0,0.153849,68
792,1,-0.057519,68
795,1,-0.084173,65
797,0,0.106191,68
798,0,0.155054,68
799,1,-0.013146,68
800,0,-0.159965,68
800,0,0.116622,68
803,0,0.127337,68
804,0,0.139504,68
805,0,0.130162,68
806,1,-0.000535,68
806,0,0.183792,68
807,1,-0.045239,68
807,0,0.199495,68
809,1,0.093616,37
810,1,0.072175,40
811,1,0.053663,40
812,1,0.064188,40
813,1,0.038311,40
814,1,0.041921,39
815,1,-0.058323,83
818,1,0.058526,83
819,0,-0.199138,83
819,1,-0.018435,83
819,1,0.002835,68
819,0,0.200484,68
820,1,-0.075035,68
820,1,0.084115,68
821,0,-0.172098,68
821,1,0.018124,68
821,0,0.182816,68
822,1,-0.063975,68
822,0,0.101749,68
823,0,-0.184802,68
823,1,0.03712,68
823,0,0.201752,68
824,1,-0.062044,68
824,1,0.083201,68
825,0,-0.204866,68
825,1,-0.028162,68
825,0,0.146398,68
826,1,-0.064403,68
827,0,0.168608,87
827,0,0.168608,68
828,0,-0.114854,87
828,1,0.074298,87
829,0,-0.178052,87
829,1,0.003102,87
830,0,-0.211967,87
830,1,-0.024957,87
830,0,0.184472,87
831,0,-0.11473,68
831,1,0.068687,68
832,0,-0.184496,68
832,1,0.033998,68
832,0,0.191707,68
833,1,-0.052844,68
833,0,0.134218,68
834,0,-0.135554,68
834,1,0.056091,68
835,0,-0.157488,87
836,0,-0.208688,87
836,1,-0.013882,87
836,0,0.205133,87
837,1,-0.010307,87
838,0,-0.127046,65
838,1,0.060065,65
839,1,0.074606,32
840,0,-0.179328,32
840,1,-0.020724,32
840,0,0.188793,32
841,1,-0.057425,32
841,0,0.101859,32
842,0,-0.17254,32
842,1,-0.014913,32
843,0,-0.195873,68
843,1,-0.007423,68
843,0,0.202866,87
844,1,-0.045011,69
844,0,0.189661,68
845,1,-0.03269,68
845,0,0.177296,68
846,1,-0.039939,68
846,0,0.197027,68
847,1,0.03136,68
883,0,-0.120356,87
884,0,0.176671,87
885,0,0.147279,87
886,0,0.145484,87
887,1,0.08907,87
888,1,0.050225,65
889,0,-0.183182,83
889,1,0.08424,83
889,0,0.21349,68
890,0,0.153984,68
891,1,0.066263,68
892,0,-0.128211,68
914,1,-0.075601,87
915,0,0.165197,87
916,1,-0.009193,87
917,0,-0.209115,87
917,1,-0.004231,87
917,0,0.145032,87
918,1,-0.067595,87
918,0,0.10101,87
919,0,-0.142441,87
919,1,0.003943,87
919,0,0.185555,87
920,1,-0.07378,87
920,1,0.086918,87
921,0,-0.167657,87
921,1,-0.010008,87
921,1,0.082486,32
922,0,-0.169136,32
922,1,0.031009,32
922,0,0.21087,32
923,0,-0.190743,87
923,1,-0.034049,87
924,0,0.141675,87
925,0,-0.135743,87
925,1,0.012966,87
925,0,0.200173,87
926,1,-0.036619,87
926,0,0.144518,87
927,1,-0.08621,87
927,1,0.091282,87
928,1,-0.017955,87
928,0,0.189974,87
929,1,0.015615,68
930,0,-0.104354,87
930,0,0.132948,87
931,0,-0.136638,87
931,1,0.028009,69
931,0,0.171857,69
932,0,-0.138444,69
932,1,0.004239,69
932,1,0.087481,69
933,0,-0.180347,32
933,1,-0.037037,32
933,0,0.1105,32
934,0,-0.178537,32
934,1,-0.038253,32
934,0,0.151703,83
935,1,0.026457,65
935,0,0.208918,65
936,1,-0.042256,87
936,0,0.141728,87
937,1,-0.049441,68
937,0,0.135338,68
938,1,-0.079283,68
939,0,-0.186083,68
951,0,0.193337,68
952,1,-0.034202,68
952,0,0.150541,68
953,1,-0.09957,68
953,1,0.068255,68
954,0,-0.173458,68
954,1,-0.005161,68
954,0,0.188492,68
955,1,-0.073858,68
955,0,0.112902,87
956,0,-0.133685,87
956,1,0.057821,87
957,0,-0.191909,87
957,1,0.009558,87
957,0,0.199723,68
958,1,-0.092785,68
958,1,0.072463,68
959,0,-0.198882,68
959,1,-0.032441,68
959,0,0.135579,68
960,0,-0.133097,68
960,1,0.015519,68
960,0,0.159797,68
961,0,-0.108458,68
961,1,0.039996,68
961,0,0.20502,68
962,1,-0.057966,68
962,0,0.131826,68
963,0,-0.155474,68
963,1,0.032154,68
965,0,-0.105421,87
966,1,-0.076191,87
967,0,0.177491,87
968,1,0.05368,87
976,0,0.164438,83
978,1,0.040073,83
979,1,0.05873,68
980,1,0.06029,83
981,1,0.02333,65
983,0,0.128241,83
984,1,0.032785,68
985,1,-0.050412,68
985,1,-0.04775,68
986,0,-0.102335,68
987,0,-0.117067,68
988,0,-0.123958,68
989,0,-0.197586,68
990,0,0.162048,68
991,1,-0.010624,68
991,0,0.158778,68
992,0,-0.12528,68
992,1,0.02391,68
992,0,0.15436,68
993,1,-0.059523,68
993,1,0.09848,68
994,0,-0.161754,68
994,1,0.014563,68
994,0,0.190401,68
995,1,-0.064459,68
995,1,0.089716,68
996,0,-0.165875,68
996,1,0.037683,68
996,0,0.213851,68
997,1,-0.044809,68
997,0,0.134663,68
998,0,-0.144153,68
998,1,0.016067,68
998,0,0.171652,68
999,0,-0.102185,68
999,1,0.081137,68
1000,0,-0.17364,68
1000,1,-0.037129,68
1000,0,0.124575,68
1001,0,-0.152837,68
1001,1,0.00771,68
1001,0,0.145761,68
1002,0,-0.10586,68
1002,1,0.03362,68
1002,0,0.215822,68
1003,1,-0.057488,68
1003,1,0.099171,68
1004,0,-0.154672,68
1004,1,-0.011831,68
1004,0,0.171587,68
1005,1,-0.079032,68
1005,0,0.192432,87
1006,1,0.036078,87
1006,0,0.194396,87
1010,0,-0.213445,68
1011,0,0.175161,68
1012,1,-0.056798,68
1012,0,0.147174,68
1013,0,-0.134429,65
1014,1,0.096067,65
1015,0,-0.136008,65
1034,1,-0.042549,87
1035,0,0.14325,87
1036,0,-0.10945,87
1036,1,0.095149,87
1036,0,0.16249,68
1037,1,-0.051364,68
1038,0,-0.21217,83
1038,1,0.097472,83
1039,1,0.020265,68
1040,1,0.018531,83
1041,1,-0.011662,68
1041,0,0.200193,68
1042,1,-0.075198,68
1042,0,0.106383,68
1043,0,-0.142912,68
1043,1,0.042474,68
1043,0,0.203635,68
1044,1,-0.067153,68
1044,1,0.095992,68
1045,0,-0.18034,68
1045,1,-0.018907,68
1045,0,0.144789,68
1046,0,-0.106694,68
1046,1,0.053441,68
1046,0,0.21527,87
1047,1,-0.015908,87
1047,0,0.145031,87
1048,0,-0.111011,87
1048,1,0.044967,68
1048,0,0.205572,68
1049,1,-0.047682,68
1049,0,0.155349,68
1050,0,-0.104056,68
1050,1,-0.079251,87
1050,1,0.080027,87
1051,0,-0.199062,87
1051,1,0.005582,68
1051,0,0.16836,68
1052,1,-0.023886,68
1052,0,0.13446,68
1053,0,-0.118531,68
1053,0,0.10277,68
1053,0,0.125393,87
1054,1,-0.065639,87
1055,0,-0.213122,68
1055,1,-0.012292,68
1055,0,0.146231,68
1056,1,-0.089339,68
1056,0,0.108978,68
1057,1,-0.036946,68
1057,1,0.016502,65
1065,0,-0.165728,68
1066,0,-0.178843,68
1067,0,0.112434,68
1068,1,-0.080455,68
1068,0,0.144175,68
1069,1,0.062748,68
1070,0,-0.172983,68
1070,1,0.028918,83
1070,0,0.183459,83
1071,1,-0.024322,65
1072,0,0.165349,65
1072,0,0.165349,87
1073,1,-0.030827,65
1073,1,-0.030827,87
1073,0,0.189478,87
1074,1,-0.045462,65
1074,0,0.155083,65
1075,0,-0.145872,65
1075,1,-0.030749,68
1076,0,0.148196,68
1077,1,-0.065786,68
1077,0,0.112833,68
1078,1,-0.08024,83
1078,1,0.095251,83
1079,1,-0.053494,65
1080,0,-0.132762,65
1080,1,0.046922,65
1081,1,-0.055338,87
1081,0,0.191499,87
1082,0,-0.192124,83
1084,0,0.153637,68
1085,0,-0.106323,68
1085,1,0.095689,68
1086,0,-0.182026,68
1086,1,-0.028806,68
1086,0,0.127866,68
1087,0,-0.10928,68
1087,1,0.069534,83
1088,0,-0.184735,83
1088,0,0.107466,65
1089,0,-0.171821,65
1089,1,-0.016374,65
1089,0,0.145641,65
1090,0,-0.106188,65
1090,1,0.051911,65
1091,1,-0.063271,65
1091,0,0.204742,87
1092,0,0.135323,68
1093,0,0.108,68
1094,1,0.03292,68
1094,0,0.208817,68
1095,1,0.003819,87
1095,0,0.158911,87
1097,0,-0.191211,68
1097,1,-0.029843,68
1098,0,0.171462,68
1099,1,-0.084945,68
1099,1,0.068923,68
1100,0,-0.145432,68
1100,1,0.03596,68
1100,0,0.168687,83
1101,1,-0.088405,83
1101,0,0.179099,65
1102,0,-0.122511,65
1102,1,0.010822,65
1102,0,0.193287,65
1103,1,-0.087031,65
1103,1,0.092323,65
1104,1,0.011661,65
1105,0,-0.177574,87
1105,1,0.022831,87
1105,0,0.19786,87
1115,0,0.175166,68
1116,0,-0.106192,68
1116,1,0.094507,68
1117,0,-0.182788,68
1117,1,-0.023695,68
1117,0,0.155359,68
1118,1,-0.080732,68
1118,1,0.096222,83
1119,0,-0.13738,83
1119,1,0.020131,83
1120,0,-0.212206,65
1120,1,-0.029641,65
1120,0,0.152437,65
1121,0,-0.101008,65
1121,1,0.056745,65
1122,0,-0.214826,87
1122,1,-0.029892,87
1122,0,0.108094,87
1123,0,-0.164632,87
1123,1,-0.032941,87
1124,0,0.17067,87
1125,1,-0.064543,87
1128,0,-0.169847,68
1128,1,-0.012581,68
1129,0,-0.138316,68
1130,1,0.023728,68
1131,1,-0.011973,65
1132,0,-0.133874,83
1134,1,-0.016866,65
1149,1,0.076156,68
1150,0,-0.18316,68
1150,0,0.19976,68
1152,1,0.075188,65
1153,1,-0.026739,68
1154,0,0.101512,65
1155,0,0.175853,65
1156,0,0.106574,65
1159,0,0.13775,65
1160,0,-0.120454,65
1160,0,0.107604,65
1161,0,-0.121869,65
1161,0,0.107547,65
1162,0,-0.123558,65
1162,1,0.07931,65
1163,0,-0.152628,65
1163,1,0.056378,65
1164,1,-0.062349,68
1164,0,0.157511,68
1166,0,-0.117431,68
1167,1,0.038694,68
1168,1,0.03226,68
1168,0,0.188933,68
1169,1,-0.045387,68
1169,0,0.115226,83
1170,1,-0.071852,83
1170,0,0.178614,65
1171,1,-0.053541,65
1171,0,0.130036,65
1172,1,-0.082656,65
1172,0,0.124607,65
1173,0,-0.126846,65
1173,1,0.077864,65
1174,0,-0.17523,65
1174,1,-0.038692,87
1174,0,0.148874,87
1175,0,-0.103231,87
1179,0,0.125996,69
1182,0,0.145381,68
1183,0,-0.17464,68
1183,1,0.099806,68
1184,1,0.001215,68
1184,1,0.015645,83
1185,1,-0.011679,65
1187,0,-0.126944,68
1188,1,0.059689,68
1189,0,-0.211167,68
1189,1,-0.019672,68
1189,0,0.171173,68
1190,0,-0.100352,68
1190,1,0.089738,68
1191,0,-0.15956,68
1191,1,0.052587,68
1192,0,-0.197989,68
1192,1,-0.010299,68
1192,0,0.200492,83
1193,1,-0.051222,68
1193,1,0.040827,32
1194,0,-0.187043,32
1194,1,-0.069416,32
1194,1,0.092595,32
1195,0,-0.181901,32
1195,1,-0.017647,32
1195,0,0.124138,32
1196,0,-0.148453,32
1196,1,0.013424,32
1196,0,0.206404,65
1197,1,0.004066,32
1198,0,-0.178687,65
1198,0,0.214155,32
1199,1,-0.011284,68
1199,1,-0.011284,32
1199,0,0.195658,68
1200,1,-0.099279,83
1200,1,0.084327,83
1201,1,-0.074265,32
1201,0,0.115479,32
1202,0,-0.160033,32
1202,1,0.002237,32
1202,0,0.190291,87
1203,1,-0.03791,87
1203,0,0.146384,87
1204,0,-0.128962,87
1204,1,0.056345,87
1205,0,-0.175472,87
1205,1,0.004728,87
1205,0,0.120089,68
1206,0,-0.137459,68
1206,1,0.014113,68
1206,0,0.146562,68
1207,0,-0.134088,68
1207,1,-0.003171,68
1208,0,-0.210888,68
1208,1,-0.034989,68
1208,0,0.142715,68
1208,0,0.163535,87
1209,1,-0.093436,87
1209,0,0.104731,87
1210,0,-0.177046,87
1210,1,-0.026231,68
1210,0,0.151808,68
1211,0,-0.132662,68
1211,1,-0.026489,87
1211,1,0.061422,87
1212,0,-0.208279,32
1212,1,-0.040918,32
1212,1,0.086359,32
1213,0,-0.182328,32
1213,1,-0.034694,32
1213,0,0.132312,32
1214,0,-0.154546,32
1214,1,0.012945,68
1214,0,0.164113,68
1215,1,-0.017951,68
1215,0,0.190374,68
1216,1,-0.098681,68
1216,0,0.110361,68
1217,0,-0.135624,68
1217,1,-0.030884,32
1217,0,0.137268,32
1218,0,-0.149399,32
1218,0,0.164097,68
1219,0,-0.104074,68
1219,1,0.043583,68
1219,0,0.208171,68
1220,1,-0.079437,68
1220,1,0.003506,83
1220,0,0.126687,68
1220,0,0.191283,83
1221,1,-0.057791,32
1221,1,0.091237,32
1222,0,-0.155223,32
1222,1,0.010945,32
1222,0,0.167928,32
1223,1,-0.056937,68
1223,1,0.006238,83
1223,0,0.13641,83
1224,0,-0.213297,32
1224,1,-0.020512,32
1224,0,0.151853,32
1225,0,-0.132967,32
1225,1,0.017023,32
1225,0,0.169954,32
1226,1,-0.067393,86
1226,1,-0.067393,32
1226,1,0.085996,32
1227,0,-0.210725,32
1227,1,-0.074232,32
1227,1,0.087532,32
1232,0,0.20268,68
1233,1,-0.02449,68
1233,1,-0.02449,87
1233,0,0.192463,87
1233,0,0.192463,83
1234,1,0.0932,83
1235,0,0.11851,83
1236,1,-0.071724,83
1236,0,0.149968,83
1237,1,-0.085019,83
1237,0,0.115503,83
1238,0,-0.143423,83
1238,0,0.156555,68
1239,1,-0.028738,68
1239,0,0.146776,68
1240,1,-0.087915,83
1240,1,-0.038078,68
1240,0,0.136696,83
1240,0,0.212184,68
1241,0,-0.122795,83
1241,1,-0.022994,68
1241,1,0.055192,83
1241,0,0.178137,68
1242,0,-0.180649,83
1242,1,-0.056282,68
1242,1,0.048634,83
1242,0,0.17536,68
1243,0,-0.133688,83
1243,1,-0.031585,68
1244,0,-0.117535,68
1244,1,0.060631,68
1245,0,-0.193956,68
1245,1,-0.036539,68
1245,0,0.120694,68
1246,0,-0.155009,68
1246,1,0.020807,68
1246,0,0.178249,68
1247,1,-0.09817,68
1247,1,0.056556,68
1248,0,-0.193862,68
1248,1,-0.017696,68
1248,0,0.131751,68
1249,0,-0.128908,68
1249,1,0.022957,68
1249,0,0.199548,68
1250,1,-0.084085,68
1250,1,0.06777,68
1251,0,-0.190878,68
1251,1,-0.037407,68
1251,0,0.141911,68
1252,0,-0.113518,68
1252,1,0.044257,68
1253,0,-0.212334,68
1253,1,-0.053738,68
1253,0,0.128133,68
1254,0,-0.144886,68
1254,1,0.014357,68
1254,0,0.20167,68
1255,1,-0.097473,68
1255,1,0.06203,68
1256,0,-0.189134,68
1256,1,-0.027605,68
1256,0,0.108723,68
1256,0,0.217276,68
1257,1,-0.001696,68
1257,0,0.212059,87
1258,1,-0.059269,87
1258,1,0.074906,87
1259,1,-0.091471,87
1259,1,-0.091471,69
1259,1,0.041188,87
1259,0,0.197175,87
1260,1,-0.07948,87
1260,1,0.074349,87
1261,0,-0.18268,87
1261,1,-0.030141,87
1261,0,0.123043,87
1262,0,-0.162476,87
1262,1,-0.014569,87
1262,0,0.180222,87
1263,0,-0.110782,87
1263,1,0.059481,87
1264,0,-0.210428,87
1264,1,-0.046032,87
1264,0,0.117735,87
1265,0,-0.134201,87
1265,1,0.003208,87
1265,0,0.165697,87
1266,0,-0.133057,87
1266,1,0.028272,87
1266,0,0.184598,87
1267,1,-0.071741,87
1267,1,0.085808,87
1268,0,-0.172982,87
1268,1,0.001854,87
1268,0,0.19875,87
1269,1,-0.085149,87
1269,1,0.087987,87
1270,0,-0.15634,87
1270,1,0.01558,87
1270,0,0.16535,87
1271,1,-0.082352,87
1271,0,0.105791,87
1272,0,-0.163711,87
1272,1,0.000128,87
1272,0,0.185655,68
1273,1,-0.067675,68
1273,1,0.094459,68
1274,0,-0.139762,68
1274,1,0.024315,68
1274,0,0.185047,68
1275,1,-0.066044,68
1275,1,0.076626,68
1276,0,-0.196564,68
1276,1,-0.034445,160
1276,0,0.190025,160
1277,1,-0.060285,160
1277,0,0.146221,160
1277,0,0.187073,68
1278,0,-0.104444,68
1278,1,0.061252,68
1279,0,-0.189056,68
1279,1,-0.023951,68
1279,0,0.182188,68
1280,1,-0.067942,68
1280,0,0.179273,83
1281,1,-0.029107,83
1281,0,0.179342,83
1282,1,-0.065414,83
1282,0,0.124804,83
1283,0,-0.139023,83
1283,1,0.097711,83
1284,0,-0.101127,83
1284,0,0.117559,83
1285,0,-0.10137,83
1285,0,0.117646,83
1286,0,-0.100804,83
1286,1,0.098295,83
1287,0,-0.118423,83
1287,1,0.083147,83
1288,0,-0.129256,83
1288,1,0.074176,83
1289,0,-0.156995,83
1289,1,0.003018,65
1289,0,0.210144,65
1290,1,-0.041038,65
1290,0,0.165544,65
1291,1,-0.063559,65
1291,0,0.163714,65
1292,1,-0.088391,65
1292,1,0.093829,65
1293,0,-0.161683,65
1293,1,0.042946,83
1293,0,0.201059,83
1294,1,-0.051053,83
1294,0,0.154947,83
1295,1,-0.094967,83
1295,0,0.113957,83
1296,0,-0.106363,83
1296,0,0.10832,83
1297,0,-0.136604,83
1297,1,0.057528,83
1298,0,-0.187402,83
1298,1,0.008599,83
1298,0,0.203919,83
1299,1,-0.05759,83
1299,1,0.09221,83
1300,0,-0.167456,83
1300,1,-0.014336,83
1300,0,0.166244,83
1301,0,-0.138363,83
1301,1,0.046889,83
1302,0,-0.205185,83
1302,1,-0.017581,83
1302,0,0.169681,83
1303,1,-0.075892,83
1303,0,0.113884,83
1304,0,-0.154264,83
1304,1,0.014031,83
1304,0,0.207984,83
1305,1,-0.082316,83
1305,1,0.087414,83
1306,0,-0.1507,83
1306,1,0.022563,83
1306,0,0.192053,83
1307,1,-0.072291,83
1307,0,0.128606,83
1307,0,0.128606,68
1308,0,-0.137024,68
1308,1,0.030302,68
1308,0,0.193868,68
1309,1,-0.045002,68
1309,0,0.147419,68
1310,1,-0.088474,68
1310,0,0.105435,68
1311,1,-0.075839,68
1311,1,0.091845,68
1312,0,-0.12024,68
1312,0,0.132978,68
1313,1,-0.075664,68
1313,0,0.119151,68
1314,0,-0.144563,68
1314,1,0.027033,68
1315,0,-0.208514,68
1315,1,0.021231,68
1315,0,0.191356,68
1316,1,-0.043005,68
1316,0,0.156141,68
1317,1,-0.074849,68
1317,1,0.096852,68
1318,0,-0.168728,68
1318,1,0.035105,68
1318,0,0.176636,68
1319,1,-0.083238,68
1319,1,0.060042,68
1320,0,-0.202008,68
1320,1,-0.027141,68
1320,0,0.14306,68
1321,1,-0.087371,68
1321,1,0.057708,68
1322,0,-0.175297,68
1322,1,0.027752,68
1323,0,-0.205895,68
1323,1,-0.030859,68
1323,0,0.171201,68
1324,1,-0.058981,68
1324,0,0.115348,68
1325,0,-0.114309,68
1325,1,0.063036,68
1326,0,-0.198451,68
1326,1,-0.017315,68
1326,0,0.186,68
1327,1,-0.039709,68
1327,0,0.165248,68
1328,1,-0.061295,68
1328,0,0.118572,68
1329,0,-0.107045,68
1329,1,0.072815,68
1330,0,-0.15472,68
1330,1,0.02702,68
1331,0,-0.19646,68
1331,1,-0.013936,68
1331,0,0.164462,68
1332,1,-0.088241,68
1332,0,0.121055,68
1333,0,-0.10207,68
1333,0,0.109942,68
1334,0,-0.118854,68
1334,1,0.092765,68
1335,0,-0.133314,68
1335,1,0.047866,68
1336,0,-0.176713,68
1336,1,0.003372,68
1336,0,0.180033,68
1337,1,-0.047235,68
1337,0,0.128753,68
1338,1,-0.096952,68
1338,0,0.106284,68
1339,0,-0.154211,68
1339,1,0.022188,68
1340,0,-0.211657,68
1340,1,-0.006618,68
1340,0,0.193679,68
1341,1,-0.039041,68
1341,0,0.137042,68
1342,1,-0.097648,68
1342,0,0.102821,68
1343,0,-0.15958,68
1343,1,0.042562,68
1344,0,-0.195516,68
1344,1,-0.024097,68
1344,0,0.173358,68
1345,1,-0.0603,68
1345,0,0.107787,68
1346,0,-0.155622,68
1346,1,0.015441,68
1346,0,0.183858,68
1347,1,-0.050333,68
1347,0,0.12037,68
1348,0,-0.115548,68
1348,1,0.056466,68
1349,0,-0.184549,68
1349,1,-0.014201,68
1349,0,0.212147,68
1351,1,0.042335,68
1352,0,-0.196318,68
1352,1,0.030475,68
1353,0,-0.181363,68
1353,1,0.016332,68
1353,0,0.210981,68
1354,1,-0.053422,68
1354,0,0.169462,68
1355,1,-0.04164,68
1355,0,0.151697,68
1356,0,-0.130086,68
1357,0,0.178946,68
1358,1,-0.030362,68
1358,0,0.165356,68
1359,1,-0.043302,68
1359,0,0.178328,68
1360,1,-0.060647,68
1360,0,0.160449,68
1361,1,-0.048919,87
1362,0,-0.201578,87
1362,1,-0.026379,87
1362,0,0.175718,87
1363,1,-0.079376,87
1364,0,-0.181843,87
1364,1,0.000575,87
1365,0,-0.195321,87
1365,1,0.016504,87
1365,1,0.016504,68
1366,1,-0.088491,68
1366,1,0.08874,68
1367,0,-0.167695,68
1367,1,0.041922,83
1368,0,-0.217116,83
1368,1,-0.034734,68
1368,0,0.142111,68
1369,0,-0.109202,68
1369,1,0.040738,83
1370,0,-0.190955,83
1370,1,-0.017862,83
1370,1,0.071696,68
1370,0,0.214737,68
1371,0,-0.103991,68
1371,1,0.068918,68
1372,0,-0.167138,68
1372,1,0.065284,68
1373,0,-0.107531,65
1373,0,0.155148,65
1380,0,0.18541,68
1381,1,-0.017539,68
1385,1,0.018421,68
1386,0,-0.15968,68
1387,1,0.096684,83
1388,1,-0.087886,83
1388,0,0.210486,68
1389,1,-0.00868,68
1390,0,-0.204545,68
1390,1,0.011335,68
1391,0,-0.18253,68
1394,0,-0.100918,87
1395,1,0.075812,87
1396,1,0.070472,68
1397,1,-0.088682,68
1397,0,0.163128,68
1398,1,-0.017745,68
1399,0,-0.200217,68
1399,1,0.055383,68
1400,0,-0.157215,68
1400,1,0.041681,68
1401,0,-0.169406,68
1401,1,0.055857,68
1404,0,0.10657,32
1405,0,-0.133853,68
1405,1,0.093001,32
1406,0,-0.149518,32
1406,1,0.073458,69
1407,0,-0.141823,69
1407,1,0.080572,69
1408,0,-0.132668,69
1408,0,0.118972,69
1409,0,-0.121064,69
1409,0,0.183525,69
1410,1,-0.081931,69
1410,0,0.11185,69
1411,0,-0.101461,69
1411,0,0.123091,69
1412,0,-0.117192,69
1412,1,0.081239,69
1413,0,-0.134401,69
1413,1,0.034837,32
1413,0,0.198459,32
1414,0,0.126592,65
1415,0,-0.110026,65
1415,1,-0.097438,65
1416,0,0.125984,65
1417,0,-0.10728,65
1417,1,0.090326,65
1418,0,-0.150347,65
1418,1,0.025645,65
1418,0,0.201542,20
1419,1,-0.038481,65
1419,0,0.133231,65
1420,0,-0.105229,65
1420,1,0.067619,65
1421,0,-0.171202,65
1421,0,0.115965,65
1422,1,0.075615,65
1423,1,0.060795,65
1424,1,0.076972,65
1425,1,0.06685,65
1426,1,0.088635,65
1427,1,0.079896,65
1428,0,0.101399,65
1429,1,0.095535,65
1430,1,0.0875,65
1431,0,0.111815,65
1432,0,0.107455,65
1433,1,0.077221,65
1434,1,0.073547,65
1435,1,0.043841,65
1436,1,0.041197,65
1437,1,0.034065,65
1438,1,0.05845,65
1439,1,0.052873,65
1440,1,0.023042,65
1441,1,0.08511,65
1441,1,0.08511,83
1442,1,0.050495,65
1443,1,0.074335,65
1444,0,0.1018,65
1445,1,0.051158,65
1446,1,0.020201,65
1447,1,-0.036419,65
1447,1,-0.008343,65
1448,1,-0.010024,65
1449,1,-0.010427,65
1450,1,0.012526,65
1451,1,0.008564,65
1453,1,0.031142,65
1454,1,-0.000873,65
1455,1,-0.012197,65
1456,1,-0.024753,65
1457,1,-0.034598,65
1458,1,-0.047183,65
1459,1,-0.08579,65
1459,1,-0.045288,65
1460,1,-0.032288,65
1461,1,-0.014918,65
1462,1,-0.02904,65
1463,1,0.01441,65
1464,1,0.025105,65
1465,1,0.009233,65
1466,1,0.014666,65
1467,1,-0.012053,65
1468,1,-0.016483,65
1470,1,0.029165,65
1471,0,-0.13882,87
1471,0,0.101378,87
1472,1,0.092078,87
1473,1,0.087243,87
1474,0,0.117687,87
1475,0,0.130793,87
1476,0,0.112105,87
1477,1,0.095831,87
1478,1,0.055065,87
1479,1,0.067282,87
1480,1,0.054678,87
1481,1,0.06271,87
1482,1,0.038448,87
1483,1,0.055445,87
1484,1,0.039545,87
1485,1,-0.011339,87
1485,1,0.009325,87
1487,1,0.046828,87
1488,1,-0.005002,87
1488,1,0.013011,87
1489,1,-0.001327,87
1491,1,0.048342,87
1492,1,0.044555,87
1493,1,0.008234,87
1494,1,-0.006839,87
1495,1,-0.008429,68
1496,1,0.036125,68
1497,1,0.009709,68
1498,1,0.034393,68
1499,1,0.039953,68
1500,1,0.021665,68
1501,1,0.009191,68
1502,1,-0.000254,68
1503,1,-0.00824,68
1504,1,-0.01535,68
1505,1,-0.021476,68
1505,1,0.021482,68
1506,1,-0.004936,68
1508,1,0.042513,68
1509,1,-0.008075,68
1510,1,0.033063,68
1511,1,0.046035,68
1512,1,0.042078,68
1513,1,0.016626,68
1514,1,-0.04757,68
1514,1,0.010872,68
1515,1,0.001629,68
1516,1,0.028259,87
1517,1,-0.008422,68
1518,1,-0.018797,68
1518,1,0.02068,68
1519,1,-0.000791,68
1520,1,0.01465,68
1522,1,0.033194,68
1523,1,0.048116,68
1524,1,0.011363,68
1525,1,-0.049421,68
1526,1,-0.084246,68
1526,1,-0.043476,87
1527,0,0.183362,87
1530,1,0.077806,68
1531,1,-0.03427,65
1542,0,0.13007,68
1543,1,-0.087975,68
1543,0,0.105553,68
1544,0,-0.161505,68
1544,1,0.007297,68
1544,0,0.176843,68
1545,1,-0.065385,68
1545,0,0.10682,68
1546,0,-0.112129,68
1546,1,0.08319,68
1547,0,-0.161389,68
1547,1,0.032615,68
1548,0,-0.209766,68
1548,1,0.004888,68
1548,0,0.199414,68
1549,1,-0.041539,68
1549,0,0.152123,68
1550,1,-0.06653,68
1550,0,0.12731,68
1551,1,-0.09133,68
1551,0,0.125392,68
1552,0,-0.118636,68
1552,1,0.098587,68
1553,1,0.035935,68
1553,1,0.059623,68
1554,0,-0.164569,68
1554,1,0.050161,68
1555,0,-0.171923,68
1555,1,0.016654,68
1556,0,-0.204502,68
1556,1,0.0056,68
1556,0,0.194175,68
1557,1,-0.030146,68
1557,0,0.182022,68
1558,1,-0.043303,68
1558,0,0.167052,68
1559,1,-0.056194,68
1559,0,0.133014,68
1560,1,-0.092204,68
1560,1,0.096012,68
1561,0,-0.154217,68
1561,1,0.059123,68
1562,0,-0.167051,68
1562,1,0.04468,68
1563,0,-0.205802,68
1563,1,0.003541,68
1563,0,0.215606,68
1564,1,0.012805,68
1564,0,0.199636,68
1565,1,-0.048804,68
1565,0,0.137487,68
1566,0,-0.111601,68
1566,1,0.07634,68
1567,0,-0.15188,68
1567,1,0.035578,68
1568,1,-0.010256,83
1568,0,0.177509,83
1569,1,-0.025805,83
1569,0,0.185683,83
1570,1,-0.037392,83
1570,0,0.152708,83
1571,1,-0.09141,83
1571,0,0.125205,83
1572,1,-0.067381,83
1572,0,0.17915,83
1576,0,-0.200872,83
1579,0,0.141802,87
1580,0,-0.112388,87
1580,1,0.070301,87
1581,0,0.197087,83
1582,1,-0.084591,83
1583,1,0.047341,83
1587,1,0.04817,87
1596,1,-0.042798,83
1597,0,0.138725,83
1598,1,-0.036646,83
1598,0,0.175898,83
1599,1,-0.048733,83
1599,0,0.165616,83
1600,1,-0.082881,83
1600,0,0.132091,83
1601,1,-0.066971,83
1601,0,0.123297,83
1602,1,-0.096314,83
1602,1,0.094449,83
1603,0,-0.152187,83
1603,1,0.043439,83
1604,0,-0.197068,83
1604,1,-0.002326,83
1604,0,0.168757,83
1605,1,-0.067556,83
1605,0,0.134041,83
1606,0,-0.155114,83
1606,1,0.079674,65
1607,1,-0.094738,65
1607,0,0.137634,83
1608,1,-0.092099,83
1611,1,-0.065491,87
1634,0,-0.140585,68
1635,0,-0.108789,68
1636,0,0.127333,68
1637,1,-0.017368,68
1637,0,0.187477,68
1638,1,-0.072122,68
1639,0,0.195975,65
1640,1,-0.063286,65
1640,0,0.172133,65
1641,1,-0.087559,65
1641,0,0.177231,65
1651,1,-0.017975,68
1652,0,0.189337,68
1653,1,-0.042245,83
1653,1,-0.042245,68
1653,0,0.163186,83
1654,1,-0.096682,83
1654,1,0.079204,83
1655,0,-0.179356,83
1655,1,0.027482,83
1655,0,0.20806,83
1656,1,-0.045915,83
1656,0,0.10599,83
1657,0,-0.153892,83
1657,1,0.027434,83
1657,0,0.182218,83
1658,1,-0.06871,83
1658,1,0.086391,83
1659,0,-0.165881,83
1659,1,0.002816,83
1659,0,0.203787,83
1660,1,-0.067371,83
1660,0,0.121696,83
1661,0,-0.151749,83
1661,1,0.040092,83
1662,0,-0.206638,83
1662,1,-0.020019,83
1662,1,0.010217,68
1662,0,0.165648,68
1663,0,-0.115711,68
1663,1,0.045487,68
1663,0,0.199285,68
1664,1,-0.079585,68
1664,1,0.080167,68
1665,0,-0.167943,68
1665,1,0.052383,68
1666,0,-0.191769,68
1666,1,-0.036668,68
1666,0,0.125828,68
1667,0,-0.120915,68
1667,1,0.037505,68
1668,0,-0.210767,68
1668,1,-0.051915,68
1668,0,0.173825,68
1669,0,-0.102632,68
1669,1,0.058293,68
1670,0,-0.21506,68
1670,1,-0.027095,68
1670,0,0.168488,68
1671,1,-0.081479,68
1671,0,0.118124,68
1672,0,-0.155288,68
1672,1,0.023172,68
1672,0,0.204574,68
1673,1,-0.02059,68
1673,0,0.161809,68
1674,1,-0.062234,68
1674,0,0.121474,68
1675,0,-0.10164,68
1675,0,0.114111,68
1676,0,-0.137671,68
1676,1,0.078149,68
1677,0,-0.205434,68
1677,1,-0.053453,68
1677,0,0.10024,68
1678,0,-0.181947,68
1678,1,-0.02817,68
1678,0,0.126741,68
1679,0,-0.15467,68
1679,1,0.028624,68
1679,0,0.152885,68
1680,0,-0.127316,68
1680,0,0.120511,68
1681,0,-0.190507,68
1681,1,-0.035672,68
1681,1,0.090694,68
1681,0,0.21375,68
1682,1,-0.06742,68
1682,0,0.11984,68
1683,1,-0.095047,68
1683,0,0.153974,68
1684,1,-0.031567,68
1684,0,0.188533,68
1685,1,0.004385,68
1685,0,0.192913,68
1686,1,-0.084145,68
1686,0,0.135673,83
1686,0,0.135673,68
1687,0,-0.110969,68
1687,1,0.048494,68
1688,0,-0.197064,68
1689,0,0.191584,68
1690,0,-0.114772,68
1690,1,0.045244,68
1690,0,0.202918,68
1691,1,0.022483,68
1691,0,0.184774,68
1692,1,-0.090329,68
1692,1,0.072214,68
1693,0,-0.170874,68
1693,1,-0.011622,68
1693,0,0.151873,68
1694,0,-0.122452,68
1694,1,0.072998,68
1695,0,-0.200243,68
1695,1,-0.006886,68
1695,0,0.187463,68
1696,1,-0.022008,68
1696,0,0.205164,68
1697,1,0.027369,68
1698,0,-0.179575,68
1698,1,0.048192,68
1699,0,-0.128638,68
1699,0,0.100396,68
1700,0,-0.108667,68
1700,0,0.119819,68
1701,1,0.043613,68
1702,1,-0.005907,68
1703,1,-0.019049,68
1703,1,-0.00023,68
1704,1,-0.013476,69
1705,0,-0.153533,87
1705,0,-0.153533,51
1706,0,0.108266,87
1707,1,0.063407,87
1708,0,-0.112512,87
1708,0,0.121374,87
1709,1,-0.020405,87
1709,1,0.00861,87
1711,1,0.070341,87
1712,1,0.059866,87
1713,1,0.065423,87
1714,1,0.05628,87
1716,1,-0.005043,87
1742,1,-0.079831,68
1743,0,0.114833,68
1744,1,0.026821,68
1744,0,0.156825,68
1745,1,-0.024218,83
1745,0,0.170168,83
1746,1,-0.006909,65
1747,1,-0.083461,65
1747,1,0.080522,65
1748,0,-0.128349,87
1748,1,0.069227,87
1749,0,-0.144067,87
1758,1,0.069483,68
1759,1,0.079903,68
1760,1,0.06342,83
1761,1,0.050481,65
1767,0,-0.15311,65
1768,0,0.176623,87
1769,1,0.039811,65
1769,1,0.039811,87
1770,1,-0.046753,87
1771,0,-0.103711,65
1771,0,0.181307,83
1772,1,0.061043,83
1773,1,-0.028574,65
1773,0,0.165431,65
1774,1,0.015967,83
1825,0,-0.127734,68
1827,0,0.12949,68
1828,1,0.089579,68
1829,0,-0.115413,68
1829,1,0.017402,68
1829,0,0.187849,68
1830,1,0.087214,83
1831,1,-0.083119,65
1831,0,0.153403,65
1832,1,-0.082199,65
1832,0,0.121686,65
1832,0,0.121686,87
1833,0,-0.112954,87
1833,0,0.122852,87
1834,1,0.054825,87
1835,0,-0.149241,87
